Index,Name,URL,Description,Equipment Categories,Variants,Speed,Range,Damage
abacus,Abacus,/api/equipment/abacus,[],"{'index': 'adventuring-gear', 'name': 'Adventuring Gear', 'url': '/api/equipment-categories/adventuring-gear'}",,,,
acid-vial,Acid (vial),/api/equipment/acid-vial,"['As an action, you can splash the contents of this vial onto a creature within 5 feet of you or throw the vial up to 20 feet, shattering it on impact. In either case, make a ranged attack against a creature or object, treating the acid as an improvised weapon.', 'On a hit, the target takes 2d6 acid damage.']","{'index': 'adventuring-gear', 'name': 'Adventuring Gear', 'url': '/api/equipment-categories/adventuring-gear'}",,,,
alchemists-fire-flask,Alchemist's fire (flask),/api/equipment/alchemists-fire-flask,"['This sticky, adhesive fluid ignites when exposed to air.', ""As an action, you can throw this flask up to 20 feet, shattering it on impact. Make a ranged attack against a creature or object, treating the alchemist's fire as an improvised weapon."", 'On a hit, the target takes 1d4 fire damage at the start of each of its turns. A creature can end this damage by using its action to make a DC 10 Dexterity check to extinguish the flames.']","{'index': 'adventuring-gear', 'name': 'Adventuring Gear', 'url': '/api/equipment-categories/adventuring-gear'}",,,,
alchemists-supplies,Alchemist's Supplies,/api/equipment/alchemists-supplies,"[""These special tools include the items needed to pursue a craft or trade. The table shows examples of the most common types of tools, each providing items related to a single craft. Proficiency with a set of artisan's tools lets you add your proficiency bonus to any ability checks you make using the tools in your craft. Each type of artisan's tools requires a separate proficiency.""]","{'index': 'tools', 'name': 'Tools', 'url': '/api/equipment-categories/tools'}",,,,
alms-box,Alms box,/api/equipment/alms-box,"[""A small box for alms, typically found in a priest's pack.""]","{'index': 'adventuring-gear', 'name': 'Adventuring Gear', 'url': '/api/equipment-categories/adventuring-gear'}",,,,
amulet,Amulet,/api/equipment/amulet,"['A holy symbol is a representation of a god or pantheon. It might be an amulet depicting a symbol representing a deity, the same symbol carefully engraved or inlaid as an emblem on a shield, or a tiny box holding a fragment of a sacred relic.', 'Appendix B lists the symbols commonly associated with many gods in the multiverse. A cleric or paladin can use a holy symbol as a spellcasting focus. To use the symbol in this way, the caster must hold it in hand, wear it visibly, or bear it on a shield.']","{'index': 'adventuring-gear', 'name': 'Adventuring Gear', 'url': '/api/equipment-categories/adventuring-gear'}",,,,
animal-feed-1-day,Animal Feed (1 day),/api/equipment/animal-feed-1-day,[],"{'index': 'mounts-and-vehicles', 'name': 'Mounts and Vehicles', 'url': '/api/equipment-categories/mounts-and-vehicles'}",,,,
antitoxin-vial,Antitoxin (vial),/api/equipment/antitoxin-vial,['A creature that drinks this vial of liquid gains advantage on saving throws against poison for 1 hour. It confers no benefit to undead or constructs.'],"{'index': 'adventuring-gear', 'name': 'Adventuring Gear', 'url': '/api/equipment-categories/adventuring-gear'}",,,,
arrow,Arrow,/api/equipment/arrow,[],"{'index': 'adventuring-gear', 'name': 'Adventuring Gear', 'url': '/api/equipment-categories/adventuring-gear'}",,,,
backpack,Backpack,/api/equipment/backpack,[],"{'index': 'adventuring-gear', 'name': 'Adventuring Gear', 'url': '/api/equipment-categories/adventuring-gear'}",,,,
bagpipes,Bagpipes,/api/equipment/bagpipes,"['Several of the most common types of musical instruments are shown on the table as examples. If you have proficiency with a given musical instrument, you can add your proficiency bonus to any ability checks you make to play music with the instrument. A bard can use a musical instrument as a spellcasting focus. Each type of musical instrument requires a separate proficiency.']","{'index': 'tools', 'name': 'Tools', 'url': '/api/equipment-categories/tools'}",,,,
ball-bearings-bag-of-1000,"Ball bearings (bag of 1,000)",/api/equipment/ball-bearings-bag-of-1000,"['As an action, you can spill these tiny metal balls from their pouch to cover a level, square area that is 10 feet on a side.', 'A creature moving across the covered area must succeed on a DC 10 Dexterity saving throw or fall prone.', ""A creature moving through the area at half speed doesn't need to make the save.""]","{'index': 'adventuring-gear', 'name': 'Adventuring Gear', 'url': '/api/equipment-categories/adventuring-gear'}",,,,
barding-breastplate,Barding: Breastplate,/api/equipment/barding-breastplate,"[""Barding is armor designed to protect an animal's head, neck, chest, and body. Any type of armor shown on the Armor table can be purchased as barding. The cost is four times the equivalent armor made for humanoids, and it weighs twice as much.""]","{'index': 'mounts-and-vehicles', 'name': 'Mounts and Vehicles', 'url': '/api/equipment-categories/mounts-and-vehicles'}",,,,
barding-chain-mail,Barding: Chain mail,/api/equipment/barding-chain-mail,"[""Barding is armor designed to protect an animal's head, neck, chest, and body. Any type of armor shown on the Armor table can be purchased as barding. The cost is four times the equivalent armor made for humanoids, and it weighs twice as much.""]","{'index': 'mounts-and-vehicles', 'name': 'Mounts and Vehicles', 'url': '/api/equipment-categories/mounts-and-vehicles'}",,,,
barding-chain-shirt,Barding: Chain shirt,/api/equipment/barding-chain-shirt,"[""Barding is armor designed to protect an animal's head, neck, chest, and body. Any type of armor shown on the Armor table can be purchased as barding. The cost is four times the equivalent armor made for humanoids, and it weighs twice as much.""]","{'index': 'mounts-and-vehicles', 'name': 'Mounts and Vehicles', 'url': '/api/equipment-categories/mounts-and-vehicles'}",,,,
barding-half-plate,Barding: Half plate,/api/equipment/barding-half-plate,"[""Barding is armor designed to protect an animal's head, neck, chest, and body. Any type of armor shown on the Armor table can be purchased as barding. The cost is four times the equivalent armor made for humanoids, and it weighs twice as much.""]","{'index': 'mounts-and-vehicles', 'name': 'Mounts and Vehicles', 'url': '/api/equipment-categories/mounts-and-vehicles'}",,,,
barding-hide,Barding: Hide,/api/equipment/barding-hide,"[""Barding is armor designed to protect an animal's head, neck, chest, and body. Any type of armor shown on the Armor table can be purchased as barding. The cost is four times the equivalent armor made for humanoids, and it weighs twice as much.""]","{'index': 'mounts-and-vehicles', 'name': 'Mounts and Vehicles', 'url': '/api/equipment-categories/mounts-and-vehicles'}",,,,
barding-leather,Barding: Leather,/api/equipment/barding-leather,"[""Barding is armor designed to protect an animal's head, neck, chest, and body. Any type of armor shown on the Armor table can be purchased as barding. The cost is four times the equivalent armor made for humanoids, and it weighs twice as much.""]","{'index': 'mounts-and-vehicles', 'name': 'Mounts and Vehicles', 'url': '/api/equipment-categories/mounts-and-vehicles'}",,,,
barding-padded,Barding: Padded,/api/equipment/barding-padded,"[""Barding is armor designed to protect an animal's head, neck, chest, and body. Any type of armor shown on the Armor table can be purchased as barding. The cost is four times the equivalent armor made for humanoids, and it weighs twice as much.""]","{'index': 'mounts-and-vehicles', 'name': 'Mounts and Vehicles', 'url': '/api/equipment-categories/mounts-and-vehicles'}",,,,
barding-plate,Barding: Plate,/api/equipment/barding-plate,"[""Barding is armor designed to protect an animal's head, neck, chest, and body. Any type of armor shown on the Armor table can be purchased as barding. The cost is four times the equivalent armor made for humanoids, and it weighs twice as much.""]","{'index': 'mounts-and-vehicles', 'name': 'Mounts and Vehicles', 'url': '/api/equipment-categories/mounts-and-vehicles'}",,,,
barding-ring-mail,Barding: Ring mail,/api/equipment/barding-ring-mail,"[""Barding is armor designed to protect an animal's head, neck, chest, and body. Any type of armor shown on the Armor table can be purchased as barding. The cost is four times the equivalent armor made for humanoids, and it weighs twice as much.""]","{'index': 'mounts-and-vehicles', 'name': 'Mounts and Vehicles', 'url': '/api/equipment-categories/mounts-and-vehicles'}",,,,
barding-scale-mail,Barding: Scale mail,/api/equipment/barding-scale-mail,"[""Barding is armor designed to protect an animal's head, neck, chest, and body. Any type of armor shown on the Armor table can be purchased as barding. The cost is four times the equivalent armor made for humanoids, and it weighs twice as much.""]","{'index': 'mounts-and-vehicles', 'name': 'Mounts and Vehicles', 'url': '/api/equipment-categories/mounts-and-vehicles'}",,,,
barding-splint,Barding: Splint,/api/equipment/barding-splint,"[""Barding is armor designed to protect an animal's head, neck, chest, and body. Any type of armor shown on the Armor table can be purchased as barding. The cost is four times the equivalent armor made for humanoids, and it weighs twice as much.""]","{'index': 'mounts-and-vehicles', 'name': 'Mounts and Vehicles', 'url': '/api/equipment-categories/mounts-and-vehicles'}",,,,
barding-studded-leather,Barding: Studded Leather,/api/equipment/barding-studded-leather,"[""Barding is armor designed to protect an animal's head, neck, chest, and body. Any type of armor shown on the Armor table can be purchased as barding. The cost is four times the equivalent armor made for humanoids, and it weighs twice as much.""]","{'index': 'mounts-and-vehicles', 'name': 'Mounts and Vehicles', 'url': '/api/equipment-categories/mounts-and-vehicles'}",,,,
barrel,Barrel,/api/equipment/barrel,[],"{'index': 'adventuring-gear', 'name': 'Adventuring Gear', 'url': '/api/equipment-categories/adventuring-gear'}",,,,
basket,Basket,/api/equipment/basket,[],"{'index': 'adventuring-gear', 'name': 'Adventuring Gear', 'url': '/api/equipment-categories/adventuring-gear'}",,,,
battleaxe,Battleaxe,/api/equipment/battleaxe,[],"{'index': 'weapon', 'name': 'Weapon', 'url': '/api/equipment-categories/weapon'}",,,{'normal': 5},"{'damage_dice': '1d8', 'damage_type': {'index': 'slashing', 'name': 'Slashing', 'url': '/api/damage-types/slashing'}}"
bedroll,Bedroll,/api/equipment/bedroll,[],"{'index': 'adventuring-gear', 'name': 'Adventuring Gear', 'url': '/api/equipment-categories/adventuring-gear'}",,,,
bell,Bell,/api/equipment/bell,[],"{'index': 'adventuring-gear', 'name': 'Adventuring Gear', 'url': '/api/equipment-categories/adventuring-gear'}",,,,
bit-and-bridle,Bit and bridle,/api/equipment/bit-and-bridle,[],"{'index': 'mounts-and-vehicles', 'name': 'Mounts and Vehicles', 'url': '/api/equipment-categories/mounts-and-vehicles'}",,,,
blanket,Blanket,/api/equipment/blanket,[],"{'index': 'adventuring-gear', 'name': 'Adventuring Gear', 'url': '/api/equipment-categories/adventuring-gear'}",,,,
block-and-tackle,Block and tackle,/api/equipment/block-and-tackle,"['A set of pulleys with a cable threaded through them and a hook to attach to objects, a block and tackle allows you to hoist up to four times the weight you can normally lift.']","{'index': 'adventuring-gear', 'name': 'Adventuring Gear', 'url': '/api/equipment-categories/adventuring-gear'}",,,,
block-of-incense,Block of incense,/api/equipment/block-of-incense,"[""A block of incense, typically found in a priest's pack.""]","{'index': 'adventuring-gear', 'name': 'Adventuring Gear', 'url': '/api/equipment-categories/adventuring-gear'}",,,,
blowgun,Blowgun,/api/equipment/blowgun,[],"{'index': 'weapon', 'name': 'Weapon', 'url': '/api/equipment-categories/weapon'}",,,"{'normal': 25, 'long': 100}","{'damage_dice': '1', 'damage_type': {'index': 'piercing', 'name': 'Piercing', 'url': '/api/damage-types/piercing'}}"
blowgun-needle,Blowgun needle,/api/equipment/blowgun-needle,[],"{'index': 'adventuring-gear', 'name': 'Adventuring Gear', 'url': '/api/equipment-categories/adventuring-gear'}",,,,
book,Book,/api/equipment/book,"['A book might contain poetry, historical accounts, information pertaining to a particular field of lore, diagrams and notes on gnomish contraptions, or just about anything else that can be represented using text or pictures. A book of spells is a spellbook (described later in this section).']","{'index': 'adventuring-gear', 'name': 'Adventuring Gear', 'url': '/api/equipment-categories/adventuring-gear'}",,,,
bottle-glass,"Bottle, glass",/api/equipment/bottle-glass,[],"{'index': 'adventuring-gear', 'name': 'Adventuring Gear', 'url': '/api/equipment-categories/adventuring-gear'}",,,,
breastplate,Breastplate,/api/equipment/breastplate,[],"{'index': 'armor', 'name': 'Armor', 'url': '/api/equipment-categories/armor'}",,,,
brewers-supplies,Brewer's Supplies,/api/equipment/brewers-supplies,"[""These special tools include the items needed to pursue a craft or trade. The table shows examples of the most common types of tools, each providing items related to a single craft. Proficiency with a set of artisan's tools lets you add your proficiency bonus to any ability checks you make using the tools in your craft. Each type of artisan's tools requires a separate proficiency.""]","{'index': 'tools', 'name': 'Tools', 'url': '/api/equipment-categories/tools'}",,,,
bucket,Bucket,/api/equipment/bucket,[],"{'index': 'adventuring-gear', 'name': 'Adventuring Gear', 'url': '/api/equipment-categories/adventuring-gear'}",,,,
burglars-pack,Burglar's Pack,/api/equipment/burglars-pack,[],"{'index': 'adventuring-gear', 'name': 'Adventuring Gear', 'url': '/api/equipment-categories/adventuring-gear'}",,,,
calligraphers-supplies,Calligrapher's Supplies,/api/equipment/calligraphers-supplies,"[""These special tools include the items needed to pursue a craft or trade. The table shows examples of the most common types of tools, each providing items related to a single craft. Proficiency with a set of artisan's tools lets you add your proficiency bonus to any ability checks you make using the tools in your craft. Each type of artisan's tools requires a separate proficiency.""]","{'index': 'tools', 'name': 'Tools', 'url': '/api/equipment-categories/tools'}",,,,
caltrops,Caltrops,/api/equipment/caltrops,"['As an action, you can spread a bag of caltrops to cover a square area that is 5 feet on a side.', 'Any creature that enters the area must succeed on a DC 15 Dexterity saving throw or stop moving this turn and take 1 piercing damage.', ""Taking this damage reduces the creature's walking speed by 10 feet until the creature regains at least 1 hit point."", ""A creature moving through the area at half speed doesn't need to make the save.""]","{'index': 'adventuring-gear', 'name': 'Adventuring Gear', 'url': '/api/equipment-categories/adventuring-gear'}",,,,
camel,Camel,/api/equipment/camel,[],"{'index': 'mounts-and-vehicles', 'name': 'Mounts and Vehicles', 'url': '/api/equipment-categories/mounts-and-vehicles'}",,"{'quantity': 50, 'unit': 'ft/round'}",,
candle,Candle,/api/equipment/candle,"['For 1 hour, a candle sheds bright light in a 5-foot radius and dim light for an additional 5 feet.']","{'index': 'adventuring-gear', 'name': 'Adventuring Gear', 'url': '/api/equipment-categories/adventuring-gear'}",,,,
carpenters-tools,Carpenter's Tools,/api/equipment/carpenters-tools,"[""These special tools include the items needed to pursue a craft or trade. The table shows examples of the most common types of tools, each providing items related to a single craft. Proficiency with a set of artisan's tools lets you add your proficiency bonus to any ability checks you make using the tools in your craft. Each type of artisan's tools requires a separate proficiency.""]","{'index': 'tools', 'name': 'Tools', 'url': '/api/equipment-categories/tools'}",,,,
carriage,Carriage,/api/equipment/carriage,[],"{'index': 'mounts-and-vehicles', 'name': 'Mounts and Vehicles', 'url': '/api/equipment-categories/mounts-and-vehicles'}",,,,
cart,Cart,/api/equipment/cart,[],"{'index': 'mounts-and-vehicles', 'name': 'Mounts and Vehicles', 'url': '/api/equipment-categories/mounts-and-vehicles'}",,,,
cartographers-tools,Cartographer's Tools,/api/equipment/cartographers-tools,"[""These special tools include the items needed to pursue a craft or trade. The table shows examples of the most common types of tools, each providing items related to a single craft. Proficiency with a set of artisan's tools lets you add your proficiency bonus to any ability checks you make using the tools in your craft. Each type of artisan's tools requires a separate proficiency.""]","{'index': 'tools', 'name': 'Tools', 'url': '/api/equipment-categories/tools'}",,,,
case-crossbow-bolt,"Case, crossbow bolt",/api/equipment/case-crossbow-bolt,['This wooden case can hold up to twenty crossbow bolts.'],"{'index': 'adventuring-gear', 'name': 'Adventuring Gear', 'url': '/api/equipment-categories/adventuring-gear'}",,,,
case-map-or-scroll,"Case, map or scroll",/api/equipment/case-map-or-scroll,['This cylindrical leather case can hold up to ten rolled-up sheets of paper or five rolled-up sheets of parchment.'],"{'index': 'adventuring-gear', 'name': 'Adventuring Gear', 'url': '/api/equipment-categories/adventuring-gear'}",,,,
censer,Censer,/api/equipment/censer,"[""A censer, typically found in a priest's pack.""]","{'index': 'adventuring-gear', 'name': 'Adventuring Gear', 'url': '/api/equipment-categories/adventuring-gear'}",,,,
chain-10-feet,Chain (10 feet),/api/equipment/chain-10-feet,['A chain has 10 hit points. It can be burst with a successful DC 20 Strength check.'],"{'index': 'adventuring-gear', 'name': 'Adventuring Gear', 'url': '/api/equipment-categories/adventuring-gear'}",,,,
chain-mail,Chain Mail,/api/equipment/chain-mail,[],"{'index': 'armor', 'name': 'Armor', 'url': '/api/equipment-categories/armor'}",,,,
chain-shirt,Chain Shirt,/api/equipment/chain-shirt,[],"{'index': 'armor', 'name': 'Armor', 'url': '/api/equipment-categories/armor'}",,,,
chalk-1-piece,Chalk (1 piece),/api/equipment/chalk-1-piece,[],"{'index': 'adventuring-gear', 'name': 'Adventuring Gear', 'url': '/api/equipment-categories/adventuring-gear'}",,,,
chariot,Chariot,/api/equipment/chariot,[],"{'index': 'mounts-and-vehicles', 'name': 'Mounts and Vehicles', 'url': '/api/equipment-categories/mounts-and-vehicles'}",,,,
chest,Chest,/api/equipment/chest,[],"{'index': 'adventuring-gear', 'name': 'Adventuring Gear', 'url': '/api/equipment-categories/adventuring-gear'}",,,,
climbers-kit,Climber's Kit,/api/equipment/climbers-kit,"[""A climber's kit includes special pitons, boot tips, gloves, and a harness. You can use the climber's kit as an action to anchor yourself; when you do, you can't fall more than 25 feet from the point where you anchored yourself, and you can't climb more than 25 feet away from that point without undoing the anchor.""]","{'index': 'adventuring-gear', 'name': 'Adventuring Gear', 'url': '/api/equipment-categories/adventuring-gear'}",,,,
clothes-common,"Clothes, common",/api/equipment/clothes-common,[],"{'index': 'adventuring-gear', 'name': 'Adventuring Gear', 'url': '/api/equipment-categories/adventuring-gear'}",,,,
clothes-costume,"Clothes, costume",/api/equipment/clothes-costume,[],"{'index': 'adventuring-gear', 'name': 'Adventuring Gear', 'url': '/api/equipment-categories/adventuring-gear'}",,,,
clothes-fine,"Clothes, fine",/api/equipment/clothes-fine,[],"{'index': 'adventuring-gear', 'name': 'Adventuring Gear', 'url': '/api/equipment-categories/adventuring-gear'}",,,,
clothes-travelers,"Clothes, traveler's",/api/equipment/clothes-travelers,[],"{'index': 'adventuring-gear', 'name': 'Adventuring Gear', 'url': '/api/equipment-categories/adventuring-gear'}",,,,
club,Club,/api/equipment/club,[],"{'index': 'weapon', 'name': 'Weapon', 'url': '/api/equipment-categories/weapon'}",,,{'normal': 5},"{'damage_dice': '1d4', 'damage_type': {'index': 'bludgeoning', 'name': 'Bludgeoning', 'url': '/api/damage-types/bludgeoning'}}"
cobblers-tools,Cobbler's Tools,/api/equipment/cobblers-tools,"[""These special tools include the items needed to pursue a craft or trade. The table shows examples of the most common types of tools, each providing items related to a single craft. Proficiency with a set of artisan's tools lets you add your proficiency bonus to any ability checks you make using the tools in your craft. Each type of artisan's tools requires a separate proficiency.""]","{'index': 'tools', 'name': 'Tools', 'url': '/api/equipment-categories/tools'}",,,,
component-pouch,Component pouch,/api/equipment/component-pouch,"[""A component pouch is a small, watertight leather belt pouch that has compartments to hold all the material components and other special items you need to cast your spells, except for those components that have a specific cost (as indicated in a spell's description).""]","{'index': 'adventuring-gear', 'name': 'Adventuring Gear', 'url': '/api/equipment-categories/adventuring-gear'}",,,,
cooks-utensils,Cook's utensils,/api/equipment/cooks-utensils,"[""These special tools include the items needed to pursue a craft or trade. The table shows examples of the most common types of tools, each providing items related to a single craft. Proficiency with a set of artisan's tools lets you add your proficiency bonus to any ability checks you make using the tools in your craft. Each type of artisan's tools requires a separate proficiency.""]","{'index': 'tools', 'name': 'Tools', 'url': '/api/equipment-categories/tools'}",,,,
crossbow-bolt,Crossbow bolt,/api/equipment/crossbow-bolt,[],"{'index': 'adventuring-gear', 'name': 'Adventuring Gear', 'url': '/api/equipment-categories/adventuring-gear'}",,,,
crossbow-hand,"Crossbow, hand",/api/equipment/crossbow-hand,[],"{'index': 'weapon', 'name': 'Weapon', 'url': '/api/equipment-categories/weapon'}",,,"{'normal': 30, 'long': 120}","{'damage_dice': '1d6', 'damage_type': {'index': 'piercing', 'name': 'Piercing', 'url': '/api/damage-types/piercing'}}"
crossbow-heavy,"Crossbow, heavy",/api/equipment/crossbow-heavy,[],"{'index': 'weapon', 'name': 'Weapon', 'url': '/api/equipment-categories/weapon'}",,,"{'normal': 100, 'long': 400}","{'damage_dice': '1d10', 'damage_type': {'index': 'piercing', 'name': 'Piercing', 'url': '/api/damage-types/piercing'}}"
crossbow-light,"Crossbow, light",/api/equipment/crossbow-light,[],"{'index': 'weapon', 'name': 'Weapon', 'url': '/api/equipment-categories/weapon'}",,,"{'normal': 80, 'long': 320}","{'damage_dice': '1d8', 'damage_type': {'index': 'piercing', 'name': 'Piercing', 'url': '/api/damage-types/piercing'}}"
crowbar,Crowbar,/api/equipment/crowbar,"[""Using a crowbar grants advantage to Strength checks where the crowbar's leverage can be applied.""]","{'index': 'adventuring-gear', 'name': 'Adventuring Gear', 'url': '/api/equipment-categories/adventuring-gear'}",,,,
crystal,Crystal,/api/equipment/crystal,"['An arcane focus is a special item--an orb, a crystal, a rod, a specially constructed staff, a wand-like length of wood, or some similar item--designed to channel the power of arcane spells. A sorcerer, warlock, or wizard can use such an item as a spellcasting focus.']","{'index': 'adventuring-gear', 'name': 'Adventuring Gear', 'url': '/api/equipment-categories/adventuring-gear'}",,,,
dagger,Dagger,/api/equipment/dagger,[],"{'index': 'weapon', 'name': 'Weapon', 'url': '/api/equipment-categories/weapon'}",,,{'normal': 5},"{'damage_dice': '1d4', 'damage_type': {'index': 'piercing', 'name': 'Piercing', 'url': '/api/damage-types/piercing'}}"
dart,Dart,/api/equipment/dart,[],"{'index': 'weapon', 'name': 'Weapon', 'url': '/api/equipment-categories/weapon'}",,,"{'normal': 20, 'long': 60}","{'damage_dice': '1d4', 'damage_type': {'index': 'piercing', 'name': 'Piercing', 'url': '/api/damage-types/piercing'}}"
dice-set,Dice Set,/api/equipment/dice-set,"['This item encompasses a wide range of game pieces, including dice and decks of cards (for games such as Three-Dragon Ante). A few common examples appear on the Tools table, but other kinds of gaming sets exist. If you are proficient with a gaming set, you can add your proficiency bonus to ability checks you make to play a game with that set. Each type of gaming set requires a separate proficiency.']","{'index': 'tools', 'name': 'Tools', 'url': '/api/equipment-categories/tools'}",,,,
diplomats-pack,Diplomat's Pack,/api/equipment/diplomats-pack,[],"{'index': 'adventuring-gear', 'name': 'Adventuring Gear', 'url': '/api/equipment-categories/adventuring-gear'}",,,,
disguise-kit,Disguise Kit,/api/equipment/disguise-kit,"['This pouch of cosmetics, hair dye, and small props lets you create disguises that change your physical appearance. Proficiency with this kit lets you add your proficiency bonus to any ability checks you make to create a visual disguise.']","{'index': 'adventuring-gear', 'name': 'Adventuring Gear', 'url': '/api/equipment-categories/adventuring-gear'}",,,,
donkey,Donkey,/api/equipment/donkey,[],"{'index': 'mounts-and-vehicles', 'name': 'Mounts and Vehicles', 'url': '/api/equipment-categories/mounts-and-vehicles'}",,"{'quantity': 40, 'unit': 'ft/round'}",,
drum,Drum,/api/equipment/drum,"['Several of the most common types of musical instruments are shown on the table as examples. If you have proficiency with a given musical instrument, you can add your proficiency bonus to any ability checks you make to play music with the instrument. A bard can use a musical instrument as a spellcasting focus. Each type of musical instrument requires a separate proficiency.']","{'index': 'tools', 'name': 'Tools', 'url': '/api/equipment-categories/tools'}",,,,
dulcimer,Dulcimer,/api/equipment/dulcimer,"['Several of the most common types of musical instruments are shown on the table as examples. If you have proficiency with a given musical instrument, you can add your proficiency bonus to any ability checks you make to play music with the instrument. A bard can use a musical instrument as a spellcasting focus. Each type of musical instrument requires a separate proficiency.']","{'index': 'tools', 'name': 'Tools', 'url': '/api/equipment-categories/tools'}",,,,
dungeoneers-pack,Dungeoneer's Pack,/api/equipment/dungeoneers-pack,[],"{'index': 'adventuring-gear', 'name': 'Adventuring Gear', 'url': '/api/equipment-categories/adventuring-gear'}",,,,
elephant,Elephant,/api/equipment/elephant,[],"{'index': 'mounts-and-vehicles', 'name': 'Mounts and Vehicles', 'url': '/api/equipment-categories/mounts-and-vehicles'}",,"{'quantity': 40, 'unit': 'ft/round'}",,
emblem,Emblem,/api/equipment/emblem,"['A holy symbol is a representation of a god or pantheon. It might be an amulet depicting a symbol representing a deity, the same symbol carefully engraved or inlaid as an emblem on a shield, or a tiny box holding a fragment of a sacred relic.', 'Appendix B lists the symbols commonly associated with many gods in the multiverse. A cleric or paladin can use a holy symbol as a spellcasting focus. To use the symbol in this way, the caster must hold it in hand, wear it visibly, or bear it on a shield.']","{'index': 'adventuring-gear', 'name': 'Adventuring Gear', 'url': '/api/equipment-categories/adventuring-gear'}",,,,
entertainers-pack,Entertainer's Pack,/api/equipment/entertainers-pack,[],"{'index': 'adventuring-gear', 'name': 'Adventuring Gear', 'url': '/api/equipment-categories/adventuring-gear'}",,,,
explorers-pack,Explorer's Pack,/api/equipment/explorers-pack,[],"{'index': 'adventuring-gear', 'name': 'Adventuring Gear', 'url': '/api/equipment-categories/adventuring-gear'}",,,,
fishing-tackle,Fishing tackle,/api/equipment/fishing-tackle,"['This kit includes a wooden rod, silken line, corkwood bobbers, steel hooks, lead sinkers, velvet lures, and narrow netting.']","{'index': 'adventuring-gear', 'name': 'Adventuring Gear', 'url': '/api/equipment-categories/adventuring-gear'}",,,,
flail,Flail,/api/equipment/flail,[],"{'index': 'weapon', 'name': 'Weapon', 'url': '/api/equipment-categories/weapon'}",,,{'normal': 5},"{'damage_dice': '1d8', 'damage_type': {'index': 'bludgeoning', 'name': 'Bludgeoning', 'url': '/api/damage-types/bludgeoning'}}"
flask-or-tankard,Flask or tankard,/api/equipment/flask-or-tankard,[],"{'index': 'adventuring-gear', 'name': 'Adventuring Gear', 'url': '/api/equipment-categories/adventuring-gear'}",,,,
flute,Flute,/api/equipment/flute,"['Several of the most common types of musical instruments are shown on the table as examples. If you have proficiency with a given musical instrument, you can add your proficiency bonus to any ability checks you make to play music with the instrument. A bard can use a musical instrument as a spellcasting focus. Each type of musical instrument requires a separate proficiency.']","{'index': 'tools', 'name': 'Tools', 'url': '/api/equipment-categories/tools'}",,,,
forgery-kit,Forgery Kit,/api/equipment/forgery-kit,"['This small box contains a variety of papers and parchments, pens and inks, seals and sealing wax, gold and silver leaf, and other supplies necessary to create convincing forgeries of physical documents. Proficiency with this kit lets you add your proficiency bonus to any ability checks you make to create a physical forgery of a document.']","{'index': 'adventuring-gear', 'name': 'Adventuring Gear', 'url': '/api/equipment-categories/adventuring-gear'}",,,,
galley,Galley,/api/equipment/galley,[],"{'index': 'mounts-and-vehicles', 'name': 'Mounts and Vehicles', 'url': '/api/equipment-categories/mounts-and-vehicles'}",,"{'quantity': 4, 'unit': 'mph'}",,
glaive,Glaive,/api/equipment/glaive,[],"{'index': 'weapon', 'name': 'Weapon', 'url': '/api/equipment-categories/weapon'}",,,{'normal': 5},"{'damage_dice': '1d10', 'damage_type': {'index': 'slashing', 'name': 'Slashing', 'url': '/api/damage-types/slashing'}}"
glassblowers-tools,Glassblower's Tools,/api/equipment/glassblowers-tools,"[""These special tools include the items needed to pursue a craft or trade. The table shows examples of the most common types of tools, each providing items related to a single craft. Proficiency with a set of artisan's tools lets you add your proficiency bonus to any ability checks you make using the tools in your craft. Each type of artisan's tools requires a separate proficiency.""]","{'index': 'tools', 'name': 'Tools', 'url': '/api/equipment-categories/tools'}",,,,
grappling-hook,Grappling hook,/api/equipment/grappling-hook,[],"{'index': 'adventuring-gear', 'name': 'Adventuring Gear', 'url': '/api/equipment-categories/adventuring-gear'}",,,,
greataxe,Greataxe,/api/equipment/greataxe,[],"{'index': 'weapon', 'name': 'Weapon', 'url': '/api/equipment-categories/weapon'}",,,{'normal': 5},"{'damage_dice': '1d12', 'damage_type': {'index': 'slashing', 'name': 'Slashing', 'url': '/api/damage-types/slashing'}}"
greatclub,Greatclub,/api/equipment/greatclub,[],"{'index': 'weapon', 'name': 'Weapon', 'url': '/api/equipment-categories/weapon'}",,,{'normal': 5},"{'damage_dice': '1d8', 'damage_type': {'index': 'bludgeoning', 'name': 'Bludgeoning', 'url': '/api/damage-types/bludgeoning'}}"
greatsword,Greatsword,/api/equipment/greatsword,[],"{'index': 'weapon', 'name': 'Weapon', 'url': '/api/equipment-categories/weapon'}",,,{'normal': 5},"{'damage_dice': '2d6', 'damage_type': {'index': 'slashing', 'name': 'Slashing', 'url': '/api/damage-types/slashing'}}"
halberd,Halberd,/api/equipment/halberd,[],"{'index': 'weapon', 'name': 'Weapon', 'url': '/api/equipment-categories/weapon'}",,,{'normal': 5},"{'damage_dice': '1d10', 'damage_type': {'index': 'slashing', 'name': 'Slashing', 'url': '/api/damage-types/slashing'}}"
half-plate-armor,Half Plate Armor,/api/equipment/half-plate-armor,[],"{'index': 'armor', 'name': 'Armor', 'url': '/api/equipment-categories/armor'}",,,,
hammer,Hammer,/api/equipment/hammer,[],"{'index': 'adventuring-gear', 'name': 'Adventuring Gear', 'url': '/api/equipment-categories/adventuring-gear'}",,,,
hammer-sledge,"Hammer, sledge",/api/equipment/hammer-sledge,[],"{'index': 'adventuring-gear', 'name': 'Adventuring Gear', 'url': '/api/equipment-categories/adventuring-gear'}",,,,
handaxe,Handaxe,/api/equipment/handaxe,[],"{'index': 'weapon', 'name': 'Weapon', 'url': '/api/equipment-categories/weapon'}",,,{'normal': 5},"{'damage_dice': '1d6', 'damage_type': {'index': 'slashing', 'name': 'Slashing', 'url': '/api/damage-types/slashing'}}"
healers-kit,Healer's Kit,/api/equipment/healers-kit,"['This kit is a leather pouch containing bandages, salves, and splints. The kit has ten uses. As an action, you can expend one use of the kit to stabilize a creature that has 0 hit points, without needing to make a Wisdom (Medicine) check.']","{'index': 'adventuring-gear', 'name': 'Adventuring Gear', 'url': '/api/equipment-categories/adventuring-gear'}",,,,
herbalism-kit,Herbalism Kit,/api/equipment/herbalism-kit,"['This kit contains a variety of instruments such as clippers, mortar and pestle, and pouches and vials used by herbalists to create remedies and potions. Proficiency with this kit lets you add your proficiency bonus to any ability checks you make to identify or apply herbs. Also, proficiency with this kit is required to create antitoxin and potions of healing.']","{'index': 'adventuring-gear', 'name': 'Adventuring Gear', 'url': '/api/equipment-categories/adventuring-gear'}",,,,
hide-armor,Hide Armor,/api/equipment/hide-armor,[],"{'index': 'armor', 'name': 'Armor', 'url': '/api/equipment-categories/armor'}",,,,
holy-water-flask,Holy water (flask),/api/equipment/holy-water-flask,"['As an action, you can splash the contents of this flask onto a creature within 5 feet of you or throw it up to 20 feet, shattering it on impact. In either case, make a ranged attack against a target creature, treating the holy water as an improvised weapon.', 'If the target is a fiend or undead, it takes 2d6 radiant damage.', 'A cleric or paladin may create holy water by performing a special ritual.', 'The ritual takes 1 hour to perform, uses 25 gp worth of powdered silver, and requires the caster to expend a 1st-level spell slot.']","{'index': 'adventuring-gear', 'name': 'Adventuring Gear', 'url': '/api/equipment-categories/adventuring-gear'}",,,,
horn,Horn,/api/equipment/horn,"['Several of the most common types of musical instruments are shown on the table as examples. If you have proficiency with a given musical instrument, you can add your proficiency bonus to any ability checks you make to play music with the instrument. A bard can use a musical instrument as a spellcasting focus. Each type of musical instrument requires a separate proficiency.']","{'index': 'tools', 'name': 'Tools', 'url': '/api/equipment-categories/tools'}",,,,
horse-draft,"Horse, draft",/api/equipment/horse-draft,[],"{'index': 'mounts-and-vehicles', 'name': 'Mounts and Vehicles', 'url': '/api/equipment-categories/mounts-and-vehicles'}",,"{'quantity': 40, 'unit': 'ft/round'}",,
horse-riding,"Horse, riding",/api/equipment/horse-riding,[],"{'index': 'mounts-and-vehicles', 'name': 'Mounts and Vehicles', 'url': '/api/equipment-categories/mounts-and-vehicles'}",,"{'quantity': 60, 'unit': 'ft/round'}",,
hourglass,Hourglass,/api/equipment/hourglass,[],"{'index': 'adventuring-gear', 'name': 'Adventuring Gear', 'url': '/api/equipment-categories/adventuring-gear'}",,,,
hunting-trap,Hunting trap,/api/equipment/hunting-trap,"['When you use your action to set it, this trap forms a saw-toothed steel ring that snaps shut when a creature steps on a pressure plate in the center. The trap is affixed by a heavy chain to an immobile object, such as a tree or a spike driven into the ground.', 'A creature that steps on the plate must succeed on a DC 13 Dexterity saving throw or take 1d4 piercing damage and stop moving. Thereafter, until the creature breaks free of the trap, its movement is limited by the length of the chain (typically 3 feet long).', 'A creature can use its action to make a DC 13 Strength check, freeing itself or another creature within its reach on a success. Each failed check deals 1 piercing damage to the trapped creature.']","{'index': 'adventuring-gear', 'name': 'Adventuring Gear', 'url': '/api/equipment-categories/adventuring-gear'}",,,,
ink-1-ounce-bottle,Ink (1 ounce bottle),/api/equipment/ink-1-ounce-bottle,[],"{'index': 'adventuring-gear', 'name': 'Adventuring Gear', 'url': '/api/equipment-categories/adventuring-gear'}",,,,
ink-pen,Ink pen,/api/equipment/ink-pen,[],"{'index': 'adventuring-gear', 'name': 'Adventuring Gear', 'url': '/api/equipment-categories/adventuring-gear'}",,,,
javelin,Javelin,/api/equipment/javelin,[],"{'index': 'weapon', 'name': 'Weapon', 'url': '/api/equipment-categories/weapon'}",,,{'normal': 5},"{'damage_dice': '1d6', 'damage_type': {'index': 'piercing', 'name': 'Piercing', 'url': '/api/damage-types/piercing'}}"
jewelers-tools,Jeweler's Tools,/api/equipment/jewelers-tools,"[""These special tools include the items needed to pursue a craft or trade. The table shows examples of the most common types of tools, each providing items related to a single craft. Proficiency with a set of artisan's tools lets you add your proficiency bonus to any ability checks you make using the tools in your craft. Each type of artisan's tools requires a separate proficiency.""]","{'index': 'tools', 'name': 'Tools', 'url': '/api/equipment-categories/tools'}",,,,
jug-or-pitcher,Jug or pitcher,/api/equipment/jug-or-pitcher,[],"{'index': 'adventuring-gear', 'name': 'Adventuring Gear', 'url': '/api/equipment-categories/adventuring-gear'}",,,,
keelboat,Keelboat,/api/equipment/keelboat,"[""Keelboats and rowboats are used on lakes and rivers. If going downstream, add the speed of the current (typically 3 miles per hour) to the speed of the vehicle. These vehicles can't be rowed against any significant current, but they can be pulled upstream by draft animals on the shores. A rowboat weighs 100 pounds, in case adventurers carry it over land.""]","{'index': 'mounts-and-vehicles', 'name': 'Mounts and Vehicles', 'url': '/api/equipment-categories/mounts-and-vehicles'}",,"{'quantity': 1, 'unit': 'mph'}",,
ladder-10-foot,Ladder (10-foot),/api/equipment/ladder-10-foot,[],"{'index': 'adventuring-gear', 'name': 'Adventuring Gear', 'url': '/api/equipment-categories/adventuring-gear'}",,,,
lamp,Lamp,/api/equipment/lamp,"['A lamp casts bright light in a 15-foot radius and dim light for an additional 30 feet. Once lit, it burns for 6 hours on a flask (1 pint) of oil.']","{'index': 'adventuring-gear', 'name': 'Adventuring Gear', 'url': '/api/equipment-categories/adventuring-gear'}",,,,
lance,Lance,/api/equipment/lance,[],"{'index': 'weapon', 'name': 'Weapon', 'url': '/api/equipment-categories/weapon'}",,,{'normal': 5},"{'damage_dice': '1d12', 'damage_type': {'index': 'piercing', 'name': 'Piercing', 'url': '/api/damage-types/piercing'}}"
lantern-bullseye,"Lantern, bullseye",/api/equipment/lantern-bullseye,"['A bullseye lantern casts bright light in a 60-foot cone and dim light for an additional 60 feet. Once lit, it burns for 6 hours on a flask (1 pint) of oil.']","{'index': 'adventuring-gear', 'name': 'Adventuring Gear', 'url': '/api/equipment-categories/adventuring-gear'}",,,,
lantern-hooded,"Lantern, hooded",/api/equipment/lantern-hooded,"['A hooded lantern casts bright light in a 30-foot radius and dim light for an additional 30 feet. Once lit, it burns for 6 hours on a flask (1 pint) of oil. As an action, you can lower the hood, reducing the light to dim light in a 5-foot radius.']","{'index': 'adventuring-gear', 'name': 'Adventuring Gear', 'url': '/api/equipment-categories/adventuring-gear'}",,,,
leather-armor,Leather Armor,/api/equipment/leather-armor,[],"{'index': 'armor', 'name': 'Armor', 'url': '/api/equipment-categories/armor'}",,,,
leatherworkers-tools,Leatherworker's Tools,/api/equipment/leatherworkers-tools,"[""These special tools include the items needed to pursue a craft or trade. The table shows examples of the most common types of tools, each providing items related to a single craft. Proficiency with a set of artisan's tools lets you add your proficiency bonus to any ability checks you make using the tools in your craft. Each type of artisan's tools requires a separate proficiency.""]","{'index': 'tools', 'name': 'Tools', 'url': '/api/equipment-categories/tools'}",,,,
light-hammer,Light hammer,/api/equipment/light-hammer,[],"{'index': 'weapon', 'name': 'Weapon', 'url': '/api/equipment-categories/weapon'}",,,{'normal': 5},"{'damage_dice': '1d4', 'damage_type': {'index': 'bludgeoning', 'name': 'Bludgeoning', 'url': '/api/damage-types/bludgeoning'}}"
little-bag-of-sand,Little bag of sand,/api/equipment/little-bag-of-sand,"[""A small bag of sand, typically found in a scholar's pack.""]","{'index': 'adventuring-gear', 'name': 'Adventuring Gear', 'url': '/api/equipment-categories/adventuring-gear'}",,,,
lock,Lock,/api/equipment/lock,"[""A key is provided with the lock. Without the key, a creature proficient with thieves' tools can pick this lock with a successful DC 15 Dexterity check. Your GM may decide that better locks are available for higher prices.""]","{'index': 'adventuring-gear', 'name': 'Adventuring Gear', 'url': '/api/equipment-categories/adventuring-gear'}",,,,
longbow,Longbow,/api/equipment/longbow,[],"{'index': 'weapon', 'name': 'Weapon', 'url': '/api/equipment-categories/weapon'}",,,"{'normal': 150, 'long': 600}","{'damage_dice': '1d8', 'damage_type': {'index': 'piercing', 'name': 'Piercing', 'url': '/api/damage-types/piercing'}}"
longship,Longship,/api/equipment/longship,[],"{'index': 'mounts-and-vehicles', 'name': 'Mounts and Vehicles', 'url': '/api/equipment-categories/mounts-and-vehicles'}",,"{'quantity': 3, 'unit': 'mph'}",,
longsword,Longsword,/api/equipment/longsword,[],"{'index': 'weapon', 'name': 'Weapon', 'url': '/api/equipment-categories/weapon'}",,,{'normal': 5},"{'damage_dice': '1d8', 'damage_type': {'index': 'slashing', 'name': 'Slashing', 'url': '/api/damage-types/slashing'}}"
lute,Lute,/api/equipment/lute,"['Several of the most common types of musical instruments are shown on the table as examples. If you have proficiency with a given musical instrument, you can add your proficiency bonus to any ability checks you make to play music with the instrument. A bard can use a musical instrument as a spellcasting focus. Each type of musical instrument requires a separate proficiency.']","{'index': 'tools', 'name': 'Tools', 'url': '/api/equipment-categories/tools'}",,,,
lyre,Lyre,/api/equipment/lyre,"['Several of the most common types of musical instruments are shown on the table as examples. If you have proficiency with a given musical instrument, you can add your proficiency bonus to any ability checks you make to play music with the instrument. A bard can use a musical instrument as a spellcasting focus. Each type of musical instrument requires a separate proficiency.']","{'index': 'tools', 'name': 'Tools', 'url': '/api/equipment-categories/tools'}",,,,
mace,Mace,/api/equipment/mace,[],"{'index': 'weapon', 'name': 'Weapon', 'url': '/api/equipment-categories/weapon'}",,,{'normal': 5},"{'damage_dice': '1d6', 'damage_type': {'index': 'bludgeoning', 'name': 'Bludgeoning', 'url': '/api/damage-types/bludgeoning'}}"
magnifying-glass,Magnifying glass,/api/equipment/magnifying-glass,"['This lens allows a closer look at small objects. It is also useful as a substitute for flint and steel when starting fires. Lighting a fire with a magnifying glass requires light as bright as sunlight to focus, tinder to ignite, and about 5 minutes for the fire to ignite.', 'A magnifying glass grants advantage on any ability check made to appraise or inspect an item that is small or highly detailed.']","{'index': 'adventuring-gear', 'name': 'Adventuring Gear', 'url': '/api/equipment-categories/adventuring-gear'}",,,,
manacles,Manacles,/api/equipment/manacles,"['These metal restraints can bind a Small or Medium creature. Escaping the manacles requires a successful DC 20 Dexterity check. Breaking them requires a successful DC 20 Strength check.', ""Each set of manacles comes with one key. Without the key, a creature proficient with thieves' tools can pick the manacles' lock with a successful DC 15 Dexterity check. Manacles have 15 hit points.""]","{'index': 'adventuring-gear', 'name': 'Adventuring Gear', 'url': '/api/equipment-categories/adventuring-gear'}",,,,
masons-tools,Mason's Tools,/api/equipment/masons-tools,"[""These special tools include the items needed to pursue a craft or trade. The table shows examples of the most common types of tools, each providing items related to a single craft. Proficiency with a set of artisan's tools lets you add your proficiency bonus to any ability checks you make using the tools in your craft. Each type of artisan's tools requires a separate proficiency.""]","{'index': 'tools', 'name': 'Tools', 'url': '/api/equipment-categories/tools'}",,,,
mastiff,Mastiff,/api/equipment/mastiff,[],"{'index': 'mounts-and-vehicles', 'name': 'Mounts and Vehicles', 'url': '/api/equipment-categories/mounts-and-vehicles'}",,"{'quantity': 40, 'unit': 'ft/round'}",,
maul,Maul,/api/equipment/maul,[],"{'index': 'weapon', 'name': 'Weapon', 'url': '/api/equipment-categories/weapon'}",,,{'normal': 5},"{'damage_dice': '2d6', 'damage_type': {'index': 'bludgeoning', 'name': 'Bludgeoning', 'url': '/api/damage-types/bludgeoning'}}"
mess-kit,Mess Kit,/api/equipment/mess-kit,"['This tin box contains a cup and simple cutlery. The box clamps together, and one side can be used as a cooking pan and the other as a plate or shallow bowl.']","{'index': 'adventuring-gear', 'name': 'Adventuring Gear', 'url': '/api/equipment-categories/adventuring-gear'}",,,,
mirror-steel,"Mirror, steel",/api/equipment/mirror-steel,[],"{'index': 'adventuring-gear', 'name': 'Adventuring Gear', 'url': '/api/equipment-categories/adventuring-gear'}",,,,
morningstar,Morningstar,/api/equipment/morningstar,[],"{'index': 'weapon', 'name': 'Weapon', 'url': '/api/equipment-categories/weapon'}",,,{'normal': 5},"{'damage_dice': '1d8', 'damage_type': {'index': 'piercing', 'name': 'Piercing', 'url': '/api/damage-types/piercing'}}"
mule,Mule,/api/equipment/mule,[],"{'index': 'mounts-and-vehicles', 'name': 'Mounts and Vehicles', 'url': '/api/equipment-categories/mounts-and-vehicles'}",,"{'quantity': 40, 'unit': 'ft/round'}",,
navigators-tools,Navigator's Tools,/api/equipment/navigators-tools,"[""This set of instruments is used for navigation at sea. Proficiency with navigator's tools lets you chart a ship's course and follow navigation charts. In addition, these tools allow you to add your proficiency bonus to any ability check you make to avoid getting lost at sea.""]","{'index': 'tools', 'name': 'Tools', 'url': '/api/equipment-categories/tools'}",,,,
net,Net,/api/equipment/net,[],"{'index': 'weapon', 'name': 'Weapon', 'url': '/api/equipment-categories/weapon'}",,,"{'normal': 5, 'long': 15}",
oil-flask,Oil (flask),/api/equipment/oil-flask,"['Oil usually comes in a clay flask that holds 1 pint.', 'As an action, you can splash the oil in this flask onto a creature within 5 feet of you or throw it up to 20 feet, shattering it on impact. Make a ranged attack against a target creature or object, treating the oil as an improvised weapon.', 'On a hit, the target is covered in oil. If the target takes any fire damage before the oil dries (after 1 minute), the target takes an additional 5 fire damage from the burning oil.', 'You can also pour a flask of oil on the ground to cover a 5-foot-square area, provided that the surface is level.', 'If lit, the oil burns for 2 rounds and deals 5 fire damage to any creature that enters the area or ends its turn in the area. A creature can take this damage only once per turn.']","{'index': 'adventuring-gear', 'name': 'Adventuring Gear', 'url': '/api/equipment-categories/adventuring-gear'}",,,,
orb,Orb,/api/equipment/orb,"['An arcane focus is a special item--an orb, a crystal, a rod, a specially constructed staff, a wand-like length of wood, or some similar item--designed to channel the power of arcane spells. A sorcerer, warlock, or wizard can use such an item as a spellcasting focus.']","{'index': 'adventuring-gear', 'name': 'Adventuring Gear', 'url': '/api/equipment-categories/adventuring-gear'}",,,,
padded-armor,Padded Armor,/api/equipment/padded-armor,[],"{'index': 'armor', 'name': 'Armor', 'url': '/api/equipment-categories/armor'}",,,,
painters-supplies,Painter's Supplies,/api/equipment/painters-supplies,"[""These special tools include the items needed to pursue a craft or trade. The table shows examples of the most common types of tools, each providing items related to a single craft. Proficiency with a set of artisan's tools lets you add your proficiency bonus to any ability checks you make using the tools in your craft. Each type of artisan's tools requires a separate proficiency.""]","{'index': 'tools', 'name': 'Tools', 'url': '/api/equipment-categories/tools'}",,,,
pan-flute,Pan flute,/api/equipment/pan-flute,"['Several of the most common types of musical instruments are shown on the table as examples. If you have proficiency with a given musical instrument, you can add your proficiency bonus to any ability checks you make to play music with the instrument. A bard can use a musical instrument as a spellcasting focus. Each type of musical instrument requires a separate proficiency.']","{'index': 'tools', 'name': 'Tools', 'url': '/api/equipment-categories/tools'}",,,,
paper-one-sheet,Paper (one sheet),/api/equipment/paper-one-sheet,[],"{'index': 'adventuring-gear', 'name': 'Adventuring Gear', 'url': '/api/equipment-categories/adventuring-gear'}",,,,
parchment-one-sheet,Parchment (one sheet),/api/equipment/parchment-one-sheet,[],"{'index': 'adventuring-gear', 'name': 'Adventuring Gear', 'url': '/api/equipment-categories/adventuring-gear'}",,,,
perfume-vial,Perfume (vial),/api/equipment/perfume-vial,[],"{'index': 'adventuring-gear', 'name': 'Adventuring Gear', 'url': '/api/equipment-categories/adventuring-gear'}",,,,
pick-miners,"Pick, miner's",/api/equipment/pick-miners,[],"{'index': 'adventuring-gear', 'name': 'Adventuring Gear', 'url': '/api/equipment-categories/adventuring-gear'}",,,,
pike,Pike,/api/equipment/pike,[],"{'index': 'weapon', 'name': 'Weapon', 'url': '/api/equipment-categories/weapon'}",,,{'normal': 5},"{'damage_dice': '1d10', 'damage_type': {'index': 'piercing', 'name': 'Piercing', 'url': '/api/damage-types/piercing'}}"
piton,Piton,/api/equipment/piton,[],"{'index': 'adventuring-gear', 'name': 'Adventuring Gear', 'url': '/api/equipment-categories/adventuring-gear'}",,,,
plate-armor,Plate Armor,/api/equipment/plate-armor,[],"{'index': 'armor', 'name': 'Armor', 'url': '/api/equipment-categories/armor'}",,,,
playing-card-set,Playing Card Set,/api/equipment/playing-card-set,"['This item encompasses a wide range of game pieces, including dice and decks of cards (for games such as Three-Dragon Ante). A few common examples appear on the Tools table, but other kinds of gaming sets exist. If you are proficient with a gaming set, you can add your proficiency bonus to ability checks you make to play a game with that set. Each type of gaming set requires a separate proficiency.']","{'index': 'tools', 'name': 'Tools', 'url': '/api/equipment-categories/tools'}",,,,
poison-basic-vial,"Poison, basic (vial)",/api/equipment/poison-basic-vial,"['You can use the poison in this vial to coat one slashing or piercing weapon or up to three pieces of ammunition. Applying the poison takes an action. A creature hit by the poisoned weapon or ammunition must make a DC 10 Constitution saving throw or take 1d4 poison damage. Once applied, the poison retains potency for 1 minute before drying.']","{'index': 'adventuring-gear', 'name': 'Adventuring Gear', 'url': '/api/equipment-categories/adventuring-gear'}",,,,
poisoners-kit,Poisoner's Kit,/api/equipment/poisoners-kit,"[""A poisoner's kit includes the vials, chemicals, and other equipment necessary for the creation of poisons. Proficiency with this kit lets you add your proficiency bonus to any ability checks you make to craft or use poisons.""]","{'index': 'adventuring-gear', 'name': 'Adventuring Gear', 'url': '/api/equipment-categories/adventuring-gear'}",,,,
pole-10-foot,Pole (10-foot),/api/equipment/pole-10-foot,[],"{'index': 'adventuring-gear', 'name': 'Adventuring Gear', 'url': '/api/equipment-categories/adventuring-gear'}",,,,
pony,Pony,/api/equipment/pony,[],"{'index': 'mounts-and-vehicles', 'name': 'Mounts and Vehicles', 'url': '/api/equipment-categories/mounts-and-vehicles'}",,"{'quantity': 40, 'unit': 'ft/round'}",,
pot-iron,"Pot, iron",/api/equipment/pot-iron,[],"{'index': 'adventuring-gear', 'name': 'Adventuring Gear', 'url': '/api/equipment-categories/adventuring-gear'}",,,,
potters-tools,Potter's Tools,/api/equipment/potters-tools,"[""These special tools include the items needed to pursue a craft or trade. The table shows examples of the most common types of tools, each providing items related to a single craft. Proficiency with a set of artisan's tools lets you add your proficiency bonus to any ability checks you make using the tools in your craft. Each type of artisan's tools requires a separate proficiency.""]","{'index': 'tools', 'name': 'Tools', 'url': '/api/equipment-categories/tools'}",,,,
pouch,Pouch,/api/equipment/pouch,"['A cloth or leather pouch can hold up to 20 sling bullets or 50 blowgun needles, among other things. A compartmentalized pouch for holding spell components is called a component pouch (described earlier in this section).']","{'index': 'adventuring-gear', 'name': 'Adventuring Gear', 'url': '/api/equipment-categories/adventuring-gear'}",,,,
priests-pack,Priest's Pack,/api/equipment/priests-pack,[],"{'index': 'adventuring-gear', 'name': 'Adventuring Gear', 'url': '/api/equipment-categories/adventuring-gear'}",,,,
quarterstaff,Quarterstaff,/api/equipment/quarterstaff,[],"{'index': 'weapon', 'name': 'Weapon', 'url': '/api/equipment-categories/weapon'}",,,{'normal': 5},"{'damage_dice': '1d6', 'damage_type': {'index': 'bludgeoning', 'name': 'Bludgeoning', 'url': '/api/damage-types/bludgeoning'}}"
quiver,Quiver,/api/equipment/quiver,['A quiver can hold up to 20 arrows.'],"{'index': 'adventuring-gear', 'name': 'Adventuring Gear', 'url': '/api/equipment-categories/adventuring-gear'}",,,,
ram-portable,"Ram, portable",/api/equipment/ram-portable,"['You can use a portable ram to break down doors. When doing so, you gain a +4 bonus on the Strength check. One other character can help you use the ram, giving you advantage on this check.']","{'index': 'adventuring-gear', 'name': 'Adventuring Gear', 'url': '/api/equipment-categories/adventuring-gear'}",,,,
rapier,Rapier,/api/equipment/rapier,[],"{'index': 'weapon', 'name': 'Weapon', 'url': '/api/equipment-categories/weapon'}",,,{'normal': 5},"{'damage_dice': '1d8', 'damage_type': {'index': 'piercing', 'name': 'Piercing', 'url': '/api/damage-types/piercing'}}"
rations-1-day,Rations (1 day),/api/equipment/rations-1-day,"['Rations consist of dry foods suitable for extended travel, including jerky, dried fruit, hardtack, and nuts.']","{'index': 'adventuring-gear', 'name': 'Adventuring Gear', 'url': '/api/equipment-categories/adventuring-gear'}",,,,
reliquary,Reliquary,/api/equipment/reliquary,"['A holy symbol is a representation of a god or pantheon. It might be an amulet depicting a symbol representing a deity, the same symbol carefully engraved or inlaid as an emblem on a shield, or a tiny box holding a fragment of a sacred relic.', 'Appendix B lists the symbols commonly associated with many gods in the multiverse. A cleric or paladin can use a holy symbol as a spellcasting focus. To use the symbol in this way, the caster must hold it in hand, wear it visibly, or bear it on a shield.']","{'index': 'adventuring-gear', 'name': 'Adventuring Gear', 'url': '/api/equipment-categories/adventuring-gear'}",,,,
ring-mail,Ring Mail,/api/equipment/ring-mail,[],"{'index': 'armor', 'name': 'Armor', 'url': '/api/equipment-categories/armor'}",,,,
robes,Robes,/api/equipment/robes,[],"{'index': 'adventuring-gear', 'name': 'Adventuring Gear', 'url': '/api/equipment-categories/adventuring-gear'}",,,,
rod,Rod,/api/equipment/rod,"['An arcane focus is a special item--an orb, a crystal, a rod, a specially constructed staff, a wand-like length of wood, or some similar item--designed to channel the power of arcane spells. A sorcerer, warlock, or wizard can use such an item as a spellcasting focus.']","{'index': 'adventuring-gear', 'name': 'Adventuring Gear', 'url': '/api/equipment-categories/adventuring-gear'}",,,,
rope-hempen-50-feet,"Rope, hempen (50 feet)",/api/equipment/rope-hempen-50-feet,"['Rope, whether made of hemp or silk, has 2 hit points and can be burst with a DC 17 Strength check.']","{'index': 'adventuring-gear', 'name': 'Adventuring Gear', 'url': '/api/equipment-categories/adventuring-gear'}",,,,
rope-silk-50-feet,"Rope, silk (50 feet)",/api/equipment/rope-silk-50-feet,"['Rope, whether made of hemp or silk, has 2 hit points and can be burst with a DC 17 Strength check.']","{'index': 'adventuring-gear', 'name': 'Adventuring Gear', 'url': '/api/equipment-categories/adventuring-gear'}",,,,
rowboat,Rowboat,/api/equipment/rowboat,"[""Keelboats and rowboats are used on lakes and rivers. If going downstream, add the speed of the current (typically 3 miles per hour) to the speed of the vehicle. These vehicles can't be rowed against any significant current, but they can be pulled upstream by draft animals on the shores. A rowboat weighs 100 pounds, in case adventurers carry it over land.""]","{'index': 'mounts-and-vehicles', 'name': 'Mounts and Vehicles', 'url': '/api/equipment-categories/mounts-and-vehicles'}",,"{'quantity': 1.5, 'unit': 'mph'}",,
sack,Sack,/api/equipment/sack,[],"{'index': 'adventuring-gear', 'name': 'Adventuring Gear', 'url': '/api/equipment-categories/adventuring-gear'}",,,,
saddle-exotic,"Saddle, Exotic",/api/equipment/saddle-exotic,['An exotic saddle is required for riding any aquatic or flying mount.'],"{'index': 'mounts-and-vehicles', 'name': 'Mounts and Vehicles', 'url': '/api/equipment-categories/mounts-and-vehicles'}",,,,
saddle-military,"Saddle, Military",/api/equipment/saddle-military,"['A military saddle braces the rider, helping you keep your seat on an active mount in battle. It gives you advantage on any check you make to remain mounted.']","{'index': 'mounts-and-vehicles', 'name': 'Mounts and Vehicles', 'url': '/api/equipment-categories/mounts-and-vehicles'}",,,,
saddle-pack,"Saddle, Pack",/api/equipment/saddle-pack,[],"{'index': 'mounts-and-vehicles', 'name': 'Mounts and Vehicles', 'url': '/api/equipment-categories/mounts-and-vehicles'}",,,,
saddle-riding,"Saddle, Riding",/api/equipment/saddle-riding,[],"{'index': 'mounts-and-vehicles', 'name': 'Mounts and Vehicles', 'url': '/api/equipment-categories/mounts-and-vehicles'}",,,,
saddlebags,Saddlebags,/api/equipment/saddlebags,[],"{'index': 'mounts-and-vehicles', 'name': 'Mounts and Vehicles', 'url': '/api/equipment-categories/mounts-and-vehicles'}",,,,
sailing-ship,Sailing ship,/api/equipment/sailing-ship,[],"{'index': 'mounts-and-vehicles', 'name': 'Mounts and Vehicles', 'url': '/api/equipment-categories/mounts-and-vehicles'}",,"{'quantity': 2, 'unit': 'mph'}",,
scale-mail,Scale Mail,/api/equipment/scale-mail,[],"{'index': 'armor', 'name': 'Armor', 'url': '/api/equipment-categories/armor'}",,,,
scale-merchants,"Scale, merchant's",/api/equipment/scale-merchants,"['A scale includes a small balance, pans, and a suitable assortment of weights up to 2 pounds. With it, you can measure the exact weight of small objects, such as raw precious metals or trade goods, to help determine their worth.']","{'index': 'adventuring-gear', 'name': 'Adventuring Gear', 'url': '/api/equipment-categories/adventuring-gear'}",,,,
scholars-pack,Scholar's Pack,/api/equipment/scholars-pack,[],"{'index': 'adventuring-gear', 'name': 'Adventuring Gear', 'url': '/api/equipment-categories/adventuring-gear'}",,,,
scimitar,Scimitar,/api/equipment/scimitar,[],"{'index': 'weapon', 'name': 'Weapon', 'url': '/api/equipment-categories/weapon'}",,,{'normal': 5},"{'damage_dice': '1d6', 'damage_type': {'index': 'slashing', 'name': 'Slashing', 'url': '/api/damage-types/slashing'}}"
sealing-wax,Sealing wax,/api/equipment/sealing-wax,[],"{'index': 'adventuring-gear', 'name': 'Adventuring Gear', 'url': '/api/equipment-categories/adventuring-gear'}",,,,
shawm,Shawm,/api/equipment/shawm,"['Several of the most common types of musical instruments are shown on the table as examples. If you have proficiency with a given musical instrument, you can add your proficiency bonus to any ability checks you make to play music with the instrument. A bard can use a musical instrument as a spellcasting focus. Each type of musical instrument requires a separate proficiency.']","{'index': 'tools', 'name': 'Tools', 'url': '/api/equipment-categories/tools'}",,,,
shield,Shield,/api/equipment/shield,[],"{'index': 'armor', 'name': 'Armor', 'url': '/api/equipment-categories/armor'}",,,,
shortbow,Shortbow,/api/equipment/shortbow,[],"{'index': 'weapon', 'name': 'Weapon', 'url': '/api/equipment-categories/weapon'}",,,"{'normal': 80, 'long': 320}","{'damage_dice': '1d6', 'damage_type': {'index': 'piercing', 'name': 'Piercing', 'url': '/api/damage-types/piercing'}}"
shortsword,Shortsword,/api/equipment/shortsword,[],"{'index': 'weapon', 'name': 'Weapon', 'url': '/api/equipment-categories/weapon'}",,,{'normal': 5},"{'damage_dice': '1d6', 'damage_type': {'index': 'piercing', 'name': 'Piercing', 'url': '/api/damage-types/piercing'}}"
shovel,Shovel,/api/equipment/shovel,[],"{'index': 'adventuring-gear', 'name': 'Adventuring Gear', 'url': '/api/equipment-categories/adventuring-gear'}",,,,
sickle,Sickle,/api/equipment/sickle,[],"{'index': 'weapon', 'name': 'Weapon', 'url': '/api/equipment-categories/weapon'}",,,{'normal': 5},"{'damage_dice': '1d4', 'damage_type': {'index': 'slashing', 'name': 'Slashing', 'url': '/api/damage-types/slashing'}}"
signal-whistle,Signal whistle,/api/equipment/signal-whistle,[],"{'index': 'adventuring-gear', 'name': 'Adventuring Gear', 'url': '/api/equipment-categories/adventuring-gear'}",,,,
signet-ring,Signet ring,/api/equipment/signet-ring,[],"{'index': 'adventuring-gear', 'name': 'Adventuring Gear', 'url': '/api/equipment-categories/adventuring-gear'}",,,,
sled,Sled,/api/equipment/sled,[],"{'index': 'mounts-and-vehicles', 'name': 'Mounts and Vehicles', 'url': '/api/equipment-categories/mounts-and-vehicles'}",,,,
sling,Sling,/api/equipment/sling,[],"{'index': 'weapon', 'name': 'Weapon', 'url': '/api/equipment-categories/weapon'}",,,"{'normal': 30, 'long': 120}","{'damage_dice': '1d4', 'damage_type': {'index': 'bludgeoning', 'name': 'Bludgeoning', 'url': '/api/damage-types/bludgeoning'}}"
sling-bullet,Sling bullet,/api/equipment/sling-bullet,[],"{'index': 'adventuring-gear', 'name': 'Adventuring Gear', 'url': '/api/equipment-categories/adventuring-gear'}",,,,
small-knife,Small knife,/api/equipment/small-knife,"[""A small knife, typically found in a scholar's pack.""]","{'index': 'adventuring-gear', 'name': 'Adventuring Gear', 'url': '/api/equipment-categories/adventuring-gear'}",,,,
smiths-tools,Smith's Tools,/api/equipment/smiths-tools,"[""These special tools include the items needed to pursue a craft or trade. The table shows examples of the most common types of tools, each providing items related to a single craft. Proficiency with a set of artisan's tools lets you add your proficiency bonus to any ability checks you make using the tools in your craft. Each type of artisan's tools requires a separate proficiency.""]","{'index': 'tools', 'name': 'Tools', 'url': '/api/equipment-categories/tools'}",,,,
soap,Soap,/api/equipment/soap,[],"{'index': 'adventuring-gear', 'name': 'Adventuring Gear', 'url': '/api/equipment-categories/adventuring-gear'}",,,,
spear,Spear,/api/equipment/spear,[],"{'index': 'weapon', 'name': 'Weapon', 'url': '/api/equipment-categories/weapon'}",,,{'normal': 5},"{'damage_dice': '1d6', 'damage_type': {'index': 'piercing', 'name': 'Piercing', 'url': '/api/damage-types/piercing'}}"
spellbook,Spellbook,/api/equipment/spellbook,"['Essential for wizards, a spellbook is a leather-bound tome with 100 blank vellum pages suitable for recording spells.']","{'index': 'adventuring-gear', 'name': 'Adventuring Gear', 'url': '/api/equipment-categories/adventuring-gear'}",,,,
spike-iron,"Spike, iron",/api/equipment/spike-iron,[],"{'index': 'adventuring-gear', 'name': 'Adventuring Gear', 'url': '/api/equipment-categories/adventuring-gear'}",,,,
splint-armor,Splint Armor,/api/equipment/splint-armor,[],"{'index': 'armor', 'name': 'Armor', 'url': '/api/equipment-categories/armor'}",,,,
sprig-of-mistletoe,Sprig of mistletoe,/api/equipment/sprig-of-mistletoe,"['A druidic focus might be a sprig of mistletoe or holly, a wand or scepter made of yew or another special wood, a staff drawn whole out of a living tree, or a totem object incorporating feathers, fur, bones, and teeth from sacred animals. A druid can use such an object as a spellcasting focus.']","{'index': 'adventuring-gear', 'name': 'Adventuring Gear', 'url': '/api/equipment-categories/adventuring-gear'}",,,,
spyglass,Spyglass,/api/equipment/spyglass,['Objects viewed through a spyglass are magnified to twice their size.'],"{'index': 'adventuring-gear', 'name': 'Adventuring Gear', 'url': '/api/equipment-categories/adventuring-gear'}",,,,
stabling-1-day,Stabling (1 day),/api/equipment/stabling-1-day,[],"{'index': 'mounts-and-vehicles', 'name': 'Mounts and Vehicles', 'url': '/api/equipment-categories/mounts-and-vehicles'}",,,,
staff,Staff,/api/equipment/staff,"['An arcane focus is a special item--an orb, a crystal, a rod, a specially constructed staff, a wand-like length of wood, or some similar item--designed to channel the power of arcane spells. A sorcerer, warlock, or wizard can use such an item as a spellcasting focus.']","{'index': 'adventuring-gear', 'name': 'Adventuring Gear', 'url': '/api/equipment-categories/adventuring-gear'}",,,,
string-10-feet,String (10 feet),/api/equipment/string-10-feet,"[""A 10-foot length of string, typically found in a burglar's pack.""]","{'index': 'adventuring-gear', 'name': 'Adventuring Gear', 'url': '/api/equipment-categories/adventuring-gear'}",,,,
studded-leather-armor,Studded Leather Armor,/api/equipment/studded-leather-armor,[],"{'index': 'armor', 'name': 'Armor', 'url': '/api/equipment-categories/armor'}",,,,
tent-two-person,"Tent, two-person",/api/equipment/tent-two-person,"['A simple and portable canvas shelter, a tent sleeps two.']","{'index': 'adventuring-gear', 'name': 'Adventuring Gear', 'url': '/api/equipment-categories/adventuring-gear'}",,,,
thieves-tools,Thieves' Tools,/api/equipment/thieves-tools,"['This set of tools includes a small file, a set of lock picks, a small mirror mounted on a metal handle, a set of narrow-bladed scissors, and a pair of pliers. Proficiency with these tools lets you add your proficiency bonus to any ability checks you make to disarm traps or open locks.']","{'index': 'tools', 'name': 'Tools', 'url': '/api/equipment-categories/tools'}",,,,
tinderbox,Tinderbox,/api/equipment/tinderbox,"['This small container holds flint, fire steel, and tinder (usually dry cloth soaked in light oil) used to kindle a fire. Using it to light a torch--or anything else with abundant, exposed fuel--takes an action.', 'Lighting any other fire takes 1 minute.']","{'index': 'adventuring-gear', 'name': 'Adventuring Gear', 'url': '/api/equipment-categories/adventuring-gear'}",,,,
tinkers-tools,Tinker's Tools,/api/equipment/tinkers-tools,"[""These special tools include the items needed to pursue a craft or trade. The table shows examples of the most common types of tools, each providing items related to a single craft. Proficiency with a set of artisan's tools lets you add your proficiency bonus to any ability checks you make using the tools in your craft. Each type of artisan's tools requires a separate proficiency.""]","{'index': 'tools', 'name': 'Tools', 'url': '/api/equipment-categories/tools'}",,,,
torch,Torch,/api/equipment/torch,"['A torch burns for 1 hour, providing bright light in a 20-foot radius and dim light for an additional 20 feet. If you make a melee attack with a burning torch and hit, it deals 1 fire damage.']","{'index': 'adventuring-gear', 'name': 'Adventuring Gear', 'url': '/api/equipment-categories/adventuring-gear'}",,,,
totem,Totem,/api/equipment/totem,"['A druidic focus might be a sprig of mistletoe or holly, a wand or scepter made of yew or another special wood, a staff drawn whole out of a living tree, or a totem object incorporating feathers, fur, bones, and teeth from sacred animals. A druid can use such an object as a spellcasting focus.']","{'index': 'adventuring-gear', 'name': 'Adventuring Gear', 'url': '/api/equipment-categories/adventuring-gear'}",,,,
trident,Trident,/api/equipment/trident,[],"{'index': 'weapon', 'name': 'Weapon', 'url': '/api/equipment-categories/weapon'}",,,{'normal': 5},"{'damage_dice': '1d6', 'damage_type': {'index': 'slashing', 'name': 'Slashing', 'url': '/api/damage-types/slashing'}}"
vestments,Vestments,/api/equipment/vestments,"[""Religious clothing, typically found in a priest's pack.""]","{'index': 'adventuring-gear', 'name': 'Adventuring Gear', 'url': '/api/equipment-categories/adventuring-gear'}",,,,
vial,Vial,/api/equipment/vial,[],"{'index': 'adventuring-gear', 'name': 'Adventuring Gear', 'url': '/api/equipment-categories/adventuring-gear'}",,,,
viol,Viol,/api/equipment/viol,"['Several of the most common types of musical instruments are shown on the table as examples. If you have proficiency with a given musical instrument, you can add your proficiency bonus to any ability checks you make to play music with the instrument. A bard can use a musical instrument as a spellcasting focus. Each type of musical instrument requires a separate proficiency.']","{'index': 'tools', 'name': 'Tools', 'url': '/api/equipment-categories/tools'}",,,,
wagon,Wagon,/api/equipment/wagon,[],"{'index': 'mounts-and-vehicles', 'name': 'Mounts and Vehicles', 'url': '/api/equipment-categories/mounts-and-vehicles'}",,,,
wand,Wand,/api/equipment/wand,"['An arcane focus is a special item--an orb, a crystal, a rod, a specially constructed staff, a wand-like length of wood, or some similar item--designed to channel the power of arcane spells. A sorcerer, warlock, or wizard can use such an item as a spellcasting focus.']","{'index': 'adventuring-gear', 'name': 'Adventuring Gear', 'url': '/api/equipment-categories/adventuring-gear'}",,,,
war-pick,War pick,/api/equipment/war-pick,[],"{'index': 'weapon', 'name': 'Weapon', 'url': '/api/equipment-categories/weapon'}",,,{'normal': 5},"{'damage_dice': '1d8', 'damage_type': {'index': 'piercing', 'name': 'Piercing', 'url': '/api/damage-types/piercing'}}"
warhammer,Warhammer,/api/equipment/warhammer,[],"{'index': 'weapon', 'name': 'Weapon', 'url': '/api/equipment-categories/weapon'}",,,{'normal': 5},"{'damage_dice': '1d8', 'damage_type': {'index': 'bludgeoning', 'name': 'Bludgeoning', 'url': '/api/damage-types/bludgeoning'}}"
warhorse,Warhorse,/api/equipment/warhorse,[],"{'index': 'mounts-and-vehicles', 'name': 'Mounts and Vehicles', 'url': '/api/equipment-categories/mounts-and-vehicles'}",,"{'quantity': 60, 'unit': 'ft/round'}",,
warship,Warship,/api/equipment/warship,[],"{'index': 'mounts-and-vehicles', 'name': 'Mounts and Vehicles', 'url': '/api/equipment-categories/mounts-and-vehicles'}",,"{'quantity': 2.5, 'unit': 'mph'}",,
waterskin,Waterskin,/api/equipment/waterskin,[],"{'index': 'adventuring-gear', 'name': 'Adventuring Gear', 'url': '/api/equipment-categories/adventuring-gear'}",,,,
weavers-tools,Weaver's Tools,/api/equipment/weavers-tools,"[""These special tools include the items needed to pursue a craft or trade. The table shows examples of the most common types of tools, each providing items related to a single craft. Proficiency with a set of artisan's tools lets you add your proficiency bonus to any ability checks you make using the tools in your craft. Each type of artisan's tools requires a separate proficiency.""]","{'index': 'tools', 'name': 'Tools', 'url': '/api/equipment-categories/tools'}",,,,
whetstone,Whetstone,/api/equipment/whetstone,[],"{'index': 'adventuring-gear', 'name': 'Adventuring Gear', 'url': '/api/equipment-categories/adventuring-gear'}",,,,
whip,Whip,/api/equipment/whip,[],"{'index': 'weapon', 'name': 'Weapon', 'url': '/api/equipment-categories/weapon'}",,,{'normal': 5},"{'damage_dice': '1d4', 'damage_type': {'index': 'slashing', 'name': 'Slashing', 'url': '/api/damage-types/slashing'}}"
woodcarvers-tools,Woodcarver's Tools,/api/equipment/woodcarvers-tools,"[""These special tools include the items needed to pursue a craft or trade. The table shows examples of the most common types of tools, each providing items related to a single craft. Proficiency with a set of artisan's tools lets you add your proficiency bonus to any ability checks you make using the tools in your craft. Each type of artisan's tools requires a separate proficiency.""]","{'index': 'tools', 'name': 'Tools', 'url': '/api/equipment-categories/tools'}",,,,
wooden-staff,Wooden staff,/api/equipment/wooden-staff,"['A druidic focus might be a sprig of mistletoe or holly, a wand or scepter made of yew or another special wood, a staff drawn whole out of a living tree, or a totem object incorporating feathers, fur, bones, and teeth from sacred animals. A druid can use such an object as a spellcasting focus.']","{'index': 'adventuring-gear', 'name': 'Adventuring Gear', 'url': '/api/equipment-categories/adventuring-gear'}",,,,
yew-wand,Yew wand,/api/equipment/yew-wand,"['A druidic focus might be a sprig of mistletoe or holly, a wand or scepter made of yew or another special wood, a staff drawn whole out of a living tree, or a totem object incorporating feathers, fur, bones, and teeth from sacred animals. A druid can use such an object as a spellcasting focus.']","{'index': 'adventuring-gear', 'name': 'Adventuring Gear', 'url': '/api/equipment-categories/adventuring-gear'}",,,,
